City_ID,City,Country,Date,Lat,Lng,Max Temp,Humidity,Cloudiness,Wind Speed
0,Cockburn Town,TC,2020-11-04 05:01:39,21.46,-71.14,82.11,77,100,15.37
1,Yellowknife,CA,2020-11-04 04:59:25,62.46,-114.35,6.8,84,90,9.17
2,Xiaoweizhai,CN,2020-11-04 05:02:25,26.19,107.51,56.37,61,98,2.89
3,Flinders,AU,2020-11-04 04:59:49,-34.58,150.86,77.0,66,76,4.0
4,Jamestown,US,2020-11-04 05:02:10,42.1,-79.24,44.01,69,1,8.05
5,Vila Velha,BR,2020-11-04 05:02:25,-20.33,-40.29,68.0,82,75,3.36
6,Constitucion,CL,2020-11-04 05:02:25,-35.33,-72.42,54.0,67,10,10.31
7,Kapaa,US,2020-11-04 04:58:03,22.08,-159.32,78.8,88,75,12.75
8,Hobart,AU,2020-11-04 05:02:02,-42.88,147.33,68.0,34,0,21.92
9,Olafsvik,IS,2020-11-04 04:59:09,64.89,-23.71,46.49,95,100,24.83
10,Rikitea,PF,2020-11-04 05:02:26,-23.12,-134.97,72.9,81,25,18.88
11,Sao Filipe,CV,2020-11-04 05:02:26,14.9,-24.5,77.68,75,91,4.88
12,Hasaki,JP,2020-11-04 04:58:38,35.73,140.83,68.0,33,20,10.29
13,Bengkulu,ID,2020-11-04 05:02:26,-3.8,102.27,83.86,68,62,6.73
14,Victoria,HK,2020-11-04 04:58:06,22.29,114.16,81.0,59,1,3.0
15,Sibolga,ID,2020-11-04 05:02:26,1.74,98.78,84.58,63,100,2.28
16,Semenivka,UA,2020-11-04 05:02:26,52.18,32.58,40.48,94,0,2.8
17,Punta Arenas,CL,2020-11-04 04:57:39,-53.15,-70.92,44.6,93,90,9.17
18,Lebu,CL,2020-11-04 04:56:52,-37.62,-73.65,53.24,82,86,2.82
19,Bluff,NZ,2020-11-04 04:57:01,-46.6,168.33,64.0,73,28,11.01
20,Ushuaia,AR,2020-11-04 04:56:44,-54.8,-68.3,48.2,57,75,14.99
21,East London,ZA,2020-11-04 04:57:08,-33.02,27.91,66.2,93,75,8.05
22,Puerto Ayora,EC,2020-11-04 04:57:00,-0.74,-90.35,66.99,98,85,3.0
23,Busselton,AU,2020-11-04 04:56:46,-33.65,115.33,73.0,32,68,4.9
24,Bredasdorp,ZA,2020-11-04 04:57:35,-34.53,20.04,64.4,93,47,3.36
25,Nikolskoye,RU,2020-11-04 04:56:47,59.7,30.79,45.0,93,0,6.71
26,Mataura,NZ,2020-11-04 04:56:43,-46.19,168.86,64.0,73,30,11.01
27,Souillac,MU,2020-11-04 04:57:02,-20.52,57.52,73.4,69,75,12.75
28,Atuona,PF,2020-11-04 04:53:30,-9.8,-139.03,78.28,77,22,19.35
29,Albany,US,2020-11-04 04:52:33,42.6,-73.97,33.01,81,6,2.21
30,Dingle,PH,2020-11-04 04:59:51,11.0,122.67,84.69,76,100,4.25
31,Hithadhoo,MV,2020-11-04 04:56:51,-0.6,73.08,83.48,72,98,7.54
32,Trinidad,BO,2020-11-04 05:02:28,-14.83,-64.9,80.78,48,89,2.26
33,Praia Da Vitoria,PT,2020-11-04 04:57:02,38.73,-27.07,59.0,77,40,15.57
34,Bathsheba,BB,2020-11-04 04:58:21,13.22,-59.52,80.6,74,40,16.11
35,Zeya,RU,2020-11-04 05:02:29,53.75,127.27,22.68,82,22,5.48
36,Anton,PA,2020-11-04 05:02:29,8.4,-80.27,79.0,99,90,6.42
37,Haines Junction,CA,2020-11-04 05:00:10,60.75,-137.51,-0.4,77,100,1.12
38,Arraial Do Cabo,BR,2020-11-04 04:52:48,-22.97,-42.03,66.47,91,100,18.99
39,Lompoc,US,2020-11-04 04:57:18,34.64,-120.46,57.2,93,90,6.82
40,The Valley,AI,2020-11-04 05:02:05,18.22,-63.06,81.0,69,40,9.17
41,Ribeira Grande,PT,2020-11-04 04:57:14,38.52,-28.7,61.57,66,51,11.95
42,Clyde River,CA,2020-11-04 04:52:43,70.47,-68.59,1.4,77,20,13.87
43,Turukhansk,RU,2020-11-04 04:58:44,65.82,87.98,9.1,95,94,3.38
44,Nanortalik,GL,2020-11-04 04:57:25,60.14,-45.24,35.8,89,100,19.62
45,Nyaunglebin,MM,2020-11-04 05:02:30,17.95,96.73,85.48,76,13,3.76
46,Alibag,IN,2020-11-04 05:02:30,18.64,72.88,86.0,51,40,5.41
47,Upernavik,GL,2020-11-04 04:56:59,72.79,-56.15,20.19,97,100,10.54
48,Puerto Narino,CO,2020-11-04 05:02:30,-3.77,-70.38,78.8,100,0,2.24
49,Iquitos,PE,2020-11-04 05:01:31,-3.75,-73.25,74.77,90,100,0.74
50,Bulembu,SZ,2020-11-04 05:02:30,-25.97,31.13,59.0,67,94,5.82
51,Los Llanos De Aridane,ES,2020-11-04 04:56:57,28.66,-17.92,71.6,83,75,11.41
52,Bonito,BR,2020-11-04 05:02:30,-21.12,-56.48,66.07,61,0,0.22
53,Conde,BR,2020-11-04 05:02:31,-7.26,-34.91,77.0,88,20,4.7
54,Kyra,RU,2020-11-04 04:58:44,49.58,111.98,35.01,75,7,3.96
55,Asosa,ET,2020-11-04 05:02:09,10.07,34.53,66.97,86,3,3.22
56,Tambacounda,SN,2020-11-04 05:02:31,13.75,-13.76,71.6,88,0,2.24
57,Margate,GB,2020-11-04 05:00:28,51.38,1.39,51.01,66,0,1.99
58,Yining,CN,2020-11-04 05:02:31,29.04,114.56,58.3,57,92,1.07
59,Qaqortoq,GL,2020-11-04 04:56:49,60.72,-46.03,37.4,93,100,11.41
60,Mount Isa,AU,2020-11-04 04:57:00,-20.73,139.5,102.2,14,75,6.93
61,Bara,NG,2020-11-04 05:02:32,10.37,10.73,76.41,34,76,9.46
62,Port Alfred,ZA,2020-11-04 04:56:47,-33.59,26.89,69.33,82,97,7.99
63,Liboro,PH,2020-11-04 05:02:32,13.82,122.73,78.67,87,100,4.72
64,Tasiilaq,GL,2020-11-04 04:57:10,65.61,-37.64,32.0,96,100,32.21
65,Faya,SA,2020-11-04 04:57:47,18.39,42.45,55.4,93,3,2.77
66,Lagoa,PT,2020-11-04 05:00:22,39.05,-27.98,61.39,66,100,15.97
67,Barrow,US,2020-11-04 04:54:13,71.29,-156.79,15.8,78,90,14.99
68,Tshikapa,CD,2020-11-04 05:02:32,-6.42,20.8,71.04,94,100,2.19
69,Narsaq,GL,2020-11-04 04:58:31,60.92,-46.05,37.4,94,100,11.41
70,Codrington,AU,2020-11-04 04:59:33,-38.27,141.97,54.84,83,86,14.85
71,Vysha,RU,2020-11-04 05:02:33,53.85,42.38,39.92,94,0,0.85
72,Laguna,US,2020-11-04 04:57:08,38.42,-121.42,59.0,54,5,8.05
73,San Vicente,AR,2020-11-04 05:02:33,-26.62,-54.13,57.25,75,0,5.79
74,Rafraf,TN,2020-11-04 05:02:33,37.19,10.18,60.8,93,20,2.24
75,Tuktoyaktuk,CA,2020-11-04 04:57:12,69.45,-133.04,12.2,85,90,14.99
76,Bosaso,SO,2020-11-04 05:02:33,11.28,49.18,77.0,83,40,4.7
77,Nemuro,JP,2020-11-04 05:01:13,43.32,145.57,44.6,42,75,14.99
78,Iranshahr,IR,2020-11-04 05:00:41,27.2,60.68,66.2,13,0,4.7
79,Tiksi,RU,2020-11-04 04:57:43,71.69,128.87,5.99,95,100,5.08
80,Kodiak,US,2020-11-04 04:57:06,57.79,-152.41,26.6,42,1,6.93
81,Cape Town,ZA,2020-11-04 04:56:46,-33.93,18.42,66.0,77,0,4.7
82,Comodoro Rivadavia,AR,2020-11-04 04:57:02,-45.87,-67.5,51.8,93,0,5.37
83,Leningradskiy,RU,2020-11-04 04:57:40,69.38,178.42,3.65,84,23,10.07
84,Hermanus,ZA,2020-11-04 04:56:45,-34.42,19.23,68.0,87,72,1.99
85,Turbat,PK,2020-11-04 05:02:34,26.0,63.04,83.77,13,0,4.38
86,Geraldton,AU,2020-11-04 04:57:01,-28.77,114.6,82.4,37,21,17.22
87,Mar Del Plata,AR,2020-11-04 04:56:49,-38.0,-57.56,60.01,87,75,13.87
88,Luderitz,NA,2020-11-04 04:57:06,-26.65,15.16,59.58,91,21,6.73
89,Saint-Philippe,RE,2020-11-04 04:57:42,-21.36,55.77,78.8,50,0,13.87
90,Kamenka,RU,2020-11-04 05:01:50,51.32,42.77,41.88,85,57,7.18
91,Carnarvon,AU,2020-11-04 04:57:17,-24.87,113.63,78.8,61,0,23.04
92,Saldanha,ZA,2020-11-04 04:56:59,-33.01,17.94,59.0,93,15,5.82
93,Cuamba,MZ,2020-11-04 05:02:35,-14.8,36.54,78.01,49,7,8.25
94,Shingu,JP,2020-11-04 04:58:17,33.73,135.98,60.8,44,20,12.75
95,Khetia,IN,2020-11-04 05:02:35,21.67,74.58,83.91,31,0,3.29
96,Linguere,SN,2020-11-04 05:02:35,15.4,-15.12,77.83,30,0,4.18
97,Saint-Georges,GD,2020-11-04 05:00:43,12.06,-61.75,80.6,78,40,17.22
98,Kavieng,PG,2020-11-04 04:58:02,-2.57,150.8,85.6,70,100,6.11
99,Georgetown,MY,2020-11-04 04:56:48,5.41,100.34,84.2,74,20,3.36
100,Palmer,US,2020-11-04 04:57:00,42.16,-72.33,28.99,79,90,1.57
101,Whitehorse,CA,2020-11-04 05:01:51,60.72,-135.05,1.4,77,75,3.36
102,Goderich,CA,2020-11-04 04:57:07,43.75,-81.72,51.8,57,1,16.11
103,Sitka,US,2020-11-04 04:57:11,57.05,-135.33,37.4,86,40,6.93
104,Bambanglipuro,ID,2020-11-04 04:57:54,-7.95,110.28,86.56,60,32,10.67
105,Berlevag,NO,2020-11-04 04:56:52,70.86,29.09,39.2,70,0,13.87
106,Pontianak,ID,2020-11-04 05:02:37,-0.03,109.33,87.21,62,73,5.08
107,Rincon,US,2020-11-04 05:02:37,32.3,-81.24,48.99,93,1,1.52
108,Vaini,TO,2020-11-04 04:56:43,-21.2,-175.2,78.8,78,75,13.87
109,Esil,KZ,2020-11-04 05:02:37,51.96,66.4,33.98,86,14,7.47
110,Anaconda,US,2020-11-04 05:02:37,46.13,-112.94,39.2,55,1,4.7
111,Salalah,OM,2020-11-04 04:58:15,17.02,54.09,75.2,57,0,1.12
112,Winneba,GH,2020-11-04 05:02:38,5.35,-0.62,78.8,94,0,5.82
113,Manokwari,ID,2020-11-04 05:02:38,-0.87,134.08,82.99,72,94,3.98
114,Hellvik,NO,2020-11-04 05:02:38,59.92,5.78,44.01,88,59,5.01
115,Riverton,US,2020-11-04 05:00:06,40.52,-111.94,55.99,57,1,5.44
116,Kajaani,FI,2020-11-04 05:02:38,64.23,27.73,37.4,93,75,8.05
117,Ponta Do Sol,PT,2020-11-04 04:57:05,32.67,-17.1,62.6,72,75,12.75
118,Cidreira,BR,2020-11-04 04:56:43,-30.18,-50.21,59.58,80,2,9.57
119,New Norfolk,AU,2020-11-04 04:57:41,-42.78,147.06,62.01,50,96,5.01
120,Urumqi,CN,2020-11-04 05:02:39,43.8,87.6,46.4,39,0,6.71
121,Nganjuk,ID,2020-11-04 05:02:39,-7.61,111.9,90.79,49,54,3.71
122,Half Moon Bay,US,2020-11-04 04:57:37,37.46,-122.43,55.4,87,20,12.75
123,Samarai,PG,2020-11-04 04:58:22,-10.62,150.67,81.59,81,85,13.71
124,Semnan,IR,2020-11-04 05:02:39,35.57,53.4,67.57,23,52,1.39
125,Manturovo,RU,2020-11-04 05:02:39,58.34,44.76,39.02,96,100,8.52
126,Kaitangata,NZ,2020-11-04 04:57:06,-46.28,169.85,64.0,74,4,5.99
127,Beyla,GN,2020-11-04 05:02:39,8.68,-8.63,68.13,89,0,1.81
128,Santarem,BR,2020-11-04 04:58:20,-2.44,-54.71,77.0,88,75,4.7
129,Rondonopolis,BR,2020-11-04 05:02:40,-16.47,-54.64,72.59,53,1,2.82
130,Nisia Floresta,BR,2020-11-04 04:58:30,-6.09,-35.21,78.8,83,75,6.93
131,Pamanukan,ID,2020-11-04 05:02:40,-6.28,107.81,91.24,51,97,9.13
132,Airai,TL,2020-11-04 04:57:36,-8.93,125.41,81.57,38,81,6.29
133,Kokkola,FI,2020-11-04 05:02:40,63.84,23.13,42.01,100,90,14.99
134,Goleniow,PL,2020-11-04 05:02:40,53.56,14.83,46.4,75,0,6.93
135,Envira,BR,2020-11-04 05:02:40,-7.3,-70.22,74.93,78,59,2.57
136,Carndonagh,IE,2020-11-04 05:02:41,55.25,-7.27,47.08,80,64,14.63
137,Kurilsk,RU,2020-11-04 05:02:41,45.23,147.88,40.44,70,88,25.99
138,Mnogovershinnyy,RU,2020-11-04 05:02:41,53.94,139.92,16.63,95,100,25.79
139,Makiyivka,UA,2020-11-04 05:02:41,48.05,37.93,49.46,84,88,7.38
140,Hilo,US,2020-11-04 04:56:53,19.73,-155.09,80.6,74,90,5.82
141,Saint George,US,2020-11-04 04:52:58,37.1,-113.58,64.0,35,1,3.36
142,Dikson,RU,2020-11-04 04:57:00,73.51,80.55,1.74,92,0,7.47
143,Saint Anthony,US,2020-11-04 04:57:21,45.02,-93.22,59.0,47,1,5.82
144,Pevek,RU,2020-11-04 04:56:50,69.7,170.31,-1.91,88,19,10.07
145,Homer,US,2020-11-04 05:02:42,59.64,-151.55,23.0,44,1,6.93
146,Tailai,CN,2020-11-04 05:02:42,46.38,123.4,38.41,50,15,10.47
147,Igrim,RU,2020-11-04 05:01:07,63.19,64.42,37.04,82,100,14.63
148,Rio Gallegos,AR,2020-11-04 04:58:23,-51.62,-69.22,44.6,93,90,10.29
149,Chokurdakh,RU,2020-11-04 04:57:08,70.63,147.92,-17.18,81,0,2.8
150,Lakes Entrance,AU,2020-11-04 04:58:19,-37.88,147.98,64.99,83,100,5.99
151,Namibe,AO,2020-11-04 05:00:31,-15.2,12.15,67.86,69,0,6.87
152,Vredendal,ZA,2020-11-04 05:00:16,-31.67,18.5,62.65,80,9,4.21
153,Cherskiy,RU,2020-11-04 04:57:01,68.75,161.3,-5.58,84,0,5.77
154,Moose Jaw,CA,2020-11-04 05:01:11,50.4,-105.53,53.6,30,30,14.99
155,Coquimbo,CL,2020-11-04 04:57:40,-29.95,-71.34,53.6,93,90,4.7
156,Puerto Leguizamo,CO,2020-11-04 04:57:25,-0.19,-74.78,72.54,97,69,1.41
157,Adrar,MR,2020-11-04 04:56:52,20.5,-10.07,76.01,19,0,8.23
158,Vardo,NO,2020-11-04 04:57:13,70.37,31.11,37.4,74,0,12.75
159,Kedrovyy,RU,2020-11-04 05:02:43,56.17,91.82,28.4,86,97,11.18
160,Ishigaki,JP,2020-11-04 05:00:05,24.34,124.16,75.2,60,75,23.04
161,Azad Shahr,IR,2020-11-04 05:02:43,34.79,48.57,48.2,57,75,2.24
162,Luanda,AO,2020-11-04 05:02:44,-8.84,13.23,78.8,83,75,6.93
163,Pisco,PE,2020-11-04 04:54:24,-13.7,-76.22,62.6,82,0,2.24
164,Effingham,US,2020-11-04 05:02:44,32.37,-81.33,44.6,86,0,1.9
165,Villers-Les-Nancy,FR,2020-11-04 05:02:44,48.67,6.15,39.2,100,0,2.24
166,San Cristobal,VE,2020-11-04 04:54:34,7.77,-72.22,67.32,93,99,1.81
167,Touros,BR,2020-11-04 05:00:46,-5.2,-35.46,78.8,83,40,8.05
168,Avarua,CK,2020-11-04 04:56:45,-21.21,-159.78,75.2,83,99,25.99
169,Vilhena,BR,2020-11-04 04:58:43,-12.74,-60.15,75.0,59,84,2.15
170,Ancud,CL,2020-11-04 04:58:15,-41.87,-73.82,52.0,100,90,12.75
171,Fort Morgan,US,2020-11-04 05:02:45,40.25,-103.8,53.6,25,1,2.26
172,Tocopilla,CL,2020-11-04 05:02:45,-22.09,-70.2,57.56,67,10,1.66
173,Kruisfontein,ZA,2020-11-04 04:57:08,-34.0,24.73,68.0,88,100,1.99
174,Okhotsk,RU,2020-11-04 04:58:11,59.38,143.3,30.83,93,100,15.66
175,Saint Pete Beach,US,2020-11-04 04:57:59,27.73,-82.74,66.99,61,26,8.01
176,Castro,BR,2020-11-04 04:56:43,-24.79,-50.01,52.92,93,69,6.2
177,Fort Nelson,CA,2020-11-04 04:56:30,58.81,-122.7,10.4,85,90,9.17
178,Bundaberg,AU,2020-11-04 04:57:38,-24.85,152.35,82.0,42,75,12.75
179,Thinadhoo,MV,2020-11-04 05:02:45,0.53,72.93,83.41,69,82,5.99
180,Ketchikan,US,2020-11-04 05:01:18,55.34,-131.65,37.4,93,75,4.7
181,Teterow,DE,2020-11-04 05:02:46,53.78,12.57,43.0,81,20,12.75
182,Chisinau,MD,2020-11-04 04:59:44,47.01,28.86,44.6,93,90,5.82
183,Shelburne,CA,2020-11-04 05:00:06,44.08,-80.2,39.0,76,4,13.42
184,Chuy,UY,2020-11-04 04:57:48,-33.7,-53.46,54.01,75,0,8.3
185,Butaritari,KI,2020-11-04 04:57:41,3.07,172.79,81.63,72,91,15.95
186,Chapais,CA,2020-11-04 04:58:19,49.78,-74.85,17.6,85,90,3.36
187,Weiser,US,2020-11-04 05:02:46,44.25,-116.97,42.8,52,1,5.82
188,Tazovskiy,RU,2020-11-04 04:58:41,67.47,78.7,6.87,96,100,9.91
189,Bambous Virieux,MU,2020-11-04 04:55:06,-20.34,57.76,75.99,69,75,12.75
190,Hirara,JP,2020-11-04 05:02:47,24.8,125.28,75.2,64,75,19.46
191,Broome,US,2020-11-04 04:57:08,42.25,-75.83,33.01,97,1,8.05
192,Port Lincoln,AU,2020-11-04 04:58:16,-34.73,135.87,60.13,61,85,19.46
193,Provideniya,RU,2020-11-04 04:57:07,64.38,-173.3,19.08,87,20,7.65
194,Inuvik,CA,2020-11-04 05:02:47,68.35,-133.72,5.0,84,97,4.7
195,Lexington,US,2020-11-04 05:02:47,37.99,-84.48,48.2,57,1,6.93
196,San Policarpo,PH,2020-11-04 04:58:36,12.18,125.51,82.89,82,100,12.17
197,Ilulissat,GL,2020-11-04 04:56:43,69.22,-51.1,32.0,82,100,6.93
198,Cabo San Lucas,MX,2020-11-04 04:56:53,22.89,-109.91,77.0,78,5,4.7
199,Verkhnevilyuysk,RU,2020-11-04 05:02:48,63.45,120.32,14.22,94,87,4.52
200,Cabangahan,PH,2020-11-04 05:02:48,9.08,122.95,86.0,74,75,9.17
201,Broken Hill,AU,2020-11-04 04:59:38,-31.95,141.43,80.6,36,100,10.29
202,Kaniama,CD,2020-11-04 05:02:48,-7.57,24.18,68.81,92,83,1.43
203,Tautira,PF,2020-11-04 05:02:48,-17.73,-149.15,82.4,65,75,12.75
204,Saint-Augustin,CA,2020-11-04 04:57:01,51.23,-58.65,24.33,78,39,13.15
205,Great Bend,US,2020-11-04 05:02:49,38.36,-98.76,59.0,58,1,10.29
206,Nova Zagora,BG,2020-11-04 05:02:30,42.48,26.02,51.8,87,75,0.87
207,Cartagena Del Chaira,CO,2020-11-04 05:02:49,1.33,-74.84,72.25,97,93,1.68
208,Imbituba,BR,2020-11-04 05:02:49,-28.24,-48.67,62.6,82,0,5.82
209,Norman Wells,CA,2020-11-04 04:57:17,65.28,-126.83,-4.0,83,75,2.73
210,Takoradi,GH,2020-11-04 04:57:09,4.88,-1.76,78.12,87,65,5.39
211,Mangrol,IN,2020-11-04 05:01:40,21.12,70.12,85.73,42,0,6.13
212,Bogorodskoye,RU,2020-11-04 05:02:50,56.55,37.88,40.82,95,37,8.68
213,Araouane,ML,2020-11-04 04:58:16,18.9,-3.53,77.41,18,44,8.86
214,Nyurba,RU,2020-11-04 04:58:15,63.28,118.33,15.15,94,46,3.62
215,Rawson,AR,2020-11-04 05:00:51,-43.3,-65.1,64.96,54,95,4.97
216,Puerto Carreno,CO,2020-11-04 05:02:50,6.19,-67.49,77.36,88,82,5.5
217,Iqaluit,CA,2020-11-04 04:57:03,63.75,-68.51,8.6,78,20,24.16
218,Bucerias,MX,2020-11-04 05:02:51,20.75,-105.33,77.0,73,5,3.85
219,Madison,US,2020-11-04 05:00:12,34.73,-86.57,48.99,93,1,2.26
220,Hovd,MN,2020-11-04 04:58:29,48.01,91.64,36.77,60,96,7.52
221,Yulara,AU,2020-11-04 04:59:44,-25.24,130.99,95.0,20,50,6.93
222,Vestmannaeyjar,IS,2020-11-04 04:59:22,63.44,-20.27,46.06,94,100,19.57
223,Charters Towers,AU,2020-11-04 04:57:46,-20.1,146.27,91.47,23,0,9.33
224,Lavrentiya,RU,2020-11-04 04:57:42,65.58,-171.0,15.76,81,0,8.46
225,Grindavik,IS,2020-11-04 04:57:56,63.84,-22.43,46.4,100,90,26.4
226,Fortuna,US,2020-11-04 04:59:46,40.6,-124.16,55.0,100,90,3.6
227,Palaia Fokaia,GR,2020-11-04 05:02:52,37.72,23.95,63.0,87,75,1.12
228,Tukrah,LY,2020-11-04 05:02:52,32.53,20.58,68.83,63,72,10.47
229,Sorland,NO,2020-11-04 04:58:05,67.67,12.69,46.02,79,100,32.95
230,Tura,IN,2020-11-04 05:00:36,25.52,90.22,79.0,49,0,3.2
231,Chara,RU,2020-11-04 05:00:29,56.91,118.26,16.47,88,51,0.63
232,Khatanga,RU,2020-11-04 04:57:03,71.97,102.5,-1.19,93,92,6.55
233,Sibu,MY,2020-11-04 04:59:40,2.3,111.82,87.8,70,40,3.36
234,Anakapalle,IN,2020-11-04 05:02:53,17.68,83.02,87.8,66,20,3.36
235,Mouila,GA,2020-11-04 05:02:53,-1.87,11.06,73.54,95,98,0.83
236,Aranos,NA,2020-11-04 05:02:53,-24.13,19.12,67.28,50,30,5.64
237,Roald,NO,2020-11-04 05:01:25,62.58,6.13,44.6,81,99,11.41
238,Esperance,AU,2020-11-04 04:57:00,-33.87,121.9,60.8,63,75,17.22
239,Mizque,BO,2020-11-04 05:02:53,-17.94,-65.34,60.04,57,30,1.5
240,Sendafa,ET,2020-11-04 05:02:53,9.15,39.03,50.0,57,20,2.24
241,Cayenne,GF,2020-11-04 05:00:17,4.93,-52.33,77.0,100,90,2.24
242,Tarko-Sale,RU,2020-11-04 05:02:54,64.92,77.78,24.55,98,100,7.02
243,Port Elizabeth,ZA,2020-11-04 04:57:13,-33.92,25.57,66.2,93,90,8.05
244,Port Hardy,CA,2020-11-04 04:58:02,50.7,-127.42,50.0,100,90,3.36
245,Shitanjing,CN,2020-11-04 05:02:54,39.23,106.34,51.93,35,0,12.35
246,Valparaiso,CL,2020-11-04 04:57:12,-33.04,-71.63,53.6,93,90,4.7
247,Guaratinga,BR,2020-11-04 05:02:54,-16.57,-39.57,68.0,88,90,4.7
248,Rock Sound,BS,2020-11-04 05:02:54,24.9,-76.2,77.83,79,100,28.92
249,Port-Gentil,GA,2020-11-04 05:02:55,-0.72,8.78,79.59,83,20,10.33
250,Kontagora,NG,2020-11-04 05:02:55,10.4,5.47,72.99,34,34,4.27
251,Bairiki,KI,2020-11-04 04:59:49,1.33,172.98,86.0,62,20,11.41
252,Cap Malheureux,MU,2020-11-04 04:57:47,-19.98,57.61,75.99,62,46,8.99
253,Liverpool,GB,2020-11-04 05:02:55,53.41,-2.98,46.99,93,40,5.82
254,Longyearbyen,SJ,2020-11-04 04:57:37,78.22,15.64,30.2,80,75,19.46
255,Shasta Lake,US,2020-11-04 05:02:55,40.68,-122.37,57.99,54,0,4.14
256,Bilma,NE,2020-11-04 05:02:56,18.69,12.92,67.1,26,4,7.7
257,Camocim,BR,2020-11-04 04:58:28,-2.9,-40.84,78.46,83,59,8.75
258,Sobolevo,RU,2020-11-04 04:57:56,54.43,31.9,40.32,93,52,6.4
259,Balykshi,KZ,2020-11-04 05:02:56,47.07,51.87,51.8,43,40,13.42
260,Alekseyevsk,RU,2020-11-04 05:02:56,57.84,108.35,27.5,96,100,9.53
261,Muros,ES,2020-11-04 04:58:38,42.78,-9.06,43.0,95,13,7.92
262,Sovetskiy,RU,2020-11-04 05:00:48,61.36,63.58,35.78,83,93,12.33
263,Yar-Sale,RU,2020-11-04 05:00:29,66.83,70.83,24.39,98,96,1.72
264,Vanimo,PG,2020-11-04 04:57:02,-2.67,141.3,85.24,77,95,10.36
265,Kikwit,CD,2020-11-04 05:00:25,-5.04,18.82,72.3,96,100,0.51
266,Guane,CU,2020-11-04 05:02:57,22.2,-84.09,75.51,81,93,15.66
267,Ulvila,FI,2020-11-04 05:02:57,61.43,21.87,42.8,100,90,6.93
268,Oranjemund,NA,2020-11-04 04:57:59,-28.55,16.43,60.71,88,69,1.9
269,Carlsbad,US,2020-11-04 05:01:27,33.16,-117.35,62.01,100,1,1.61
270,Baykit,RU,2020-11-04 04:57:39,61.67,96.37,20.88,93,100,7.85
271,Zhezkazgan,KZ,2020-11-04 05:02:58,47.8,67.71,34.03,82,0,8.1
272,Ponta Delgada,PT,2020-11-04 04:58:14,37.73,-25.67,60.8,63,75,5.82
273,Tooele,US,2020-11-04 04:55:02,40.53,-112.3,51.01,65,40,4.7
274,Okha,RU,2020-11-04 04:58:24,53.57,142.95,23.43,95,100,27.13
275,Zhongxing,CN,2020-11-04 05:02:19,33.7,118.68,62.01,30,18,7.16
276,Manjacaze,MZ,2020-11-04 05:02:58,-24.71,33.88,76.71,65,19,5.99
277,Meulaboh,ID,2020-11-04 04:56:54,4.14,96.13,83.71,71,99,1.14
278,Klaksvik,FO,2020-11-04 04:59:27,62.23,-6.59,44.6,87,91,17.22
279,Pochutla,MX,2020-11-04 05:01:48,15.74,-96.47,75.99,90,62,3.22
280,Bundi,IN,2020-11-04 05:02:59,25.44,75.64,81.54,16,0,4.9
281,Shache,CN,2020-11-04 05:02:59,38.42,77.24,57.83,31,0,4.99
282,Yol,IN,2020-11-04 05:02:59,32.17,76.2,75.25,21,0,5.84
283,Morant Bay,JM,2020-11-04 05:02:59,17.88,-76.41,77.0,88,75,9.17
284,Egvekinot,RU,2020-11-04 05:02:59,66.32,-179.17,5.88,77,0,2.13
285,Tezu,IN,2020-11-04 04:58:08,27.92,96.17,79.88,66,23,3.47
286,Saskylakh,RU,2020-11-04 04:58:00,71.92,114.08,-4.05,91,98,3.49
287,Khrebtovaya,RU,2020-11-04 05:03:00,56.7,104.25,24.66,97,100,8.12
288,Yasnogorsk,RU,2020-11-04 05:03:00,54.48,37.7,40.59,92,1,5.46
289,Avare,BR,2020-11-04 04:59:59,-23.1,-48.93,53.2,89,0,8.72
290,Qaanaaq,GL,2020-11-04 04:56:48,77.48,-69.36,-2.88,78,74,2.71
291,Radcliff,US,2020-11-04 05:03:00,37.84,-85.95,46.4,65,1,6.33
292,Bethel,US,2020-11-04 04:56:47,41.37,-73.41,34.0,74,75,3.56
293,Ambon,ID,2020-11-04 04:59:47,-3.7,128.18,80.24,81,100,10.09
294,Kavaratti,IN,2020-11-04 04:57:44,10.57,72.64,82.78,70,0,4.47
295,Lappeenranta,FI,2020-11-04 05:03:01,61.06,28.19,44.01,100,90,6.93
296,Ereymentau,KZ,2020-11-04 05:03:01,51.62,73.1,28.69,90,91,13.53
297,Kiama,AU,2020-11-04 05:03:01,-34.68,150.87,77.0,72,78,1.01
298,Kapit,MY,2020-11-04 05:03:02,2.02,112.93,90.97,53,85,4.05
299,Barcelona,ES,2020-11-04 05:02:45,41.39,2.16,55.99,93,75,11.41
300,Mola Di Bari,IT,2020-11-04 05:03:02,41.06,17.09,55.4,82,0,5.82
301,Boguchany,RU,2020-11-04 05:03:02,58.38,97.45,25.75,92,100,9.66
302,Nishihara,JP,2020-11-04 04:58:03,26.18,127.76,73.4,40,75,20.8
303,Hay River,CA,2020-11-04 04:58:29,60.82,-115.8,15.8,78,94,3.36
304,Dubbo,AU,2020-11-04 04:58:44,-32.25,148.62,86.0,19,32,9.17
305,Caraquet,CA,2020-11-04 05:03:03,47.79,-64.94,19.4,73,42,3.36
306,Pangnirtung,CA,2020-11-04 04:58:18,66.15,-65.71,14.47,81,100,9.62
307,Evensk,RU,2020-11-04 04:57:20,61.95,159.23,29.35,98,100,18.39
308,Guarapari,BR,2020-11-04 05:03:03,-20.67,-40.5,68.0,82,75,3.36
309,Shu,KZ,2020-11-04 05:03:03,43.6,73.76,50.72,41,68,1.05
310,Port Keats,AU,2020-11-04 04:58:06,-14.25,129.55,89.73,58,100,11.27
311,Roma,US,2020-11-04 05:03:04,43.21,-75.46,33.8,69,75,5.82
312,Parabel,RU,2020-11-04 05:03:04,58.7,81.48,28.09,96,100,12.82
313,Alofi,NU,2020-11-04 04:59:28,-19.06,-169.92,77.0,78,20,20.8
314,Nhulunbuy,AU,2020-11-04 05:03:04,-12.23,136.77,87.8,58,40,13.87
315,Road Town,VG,2020-11-04 04:57:07,18.42,-64.62,82.0,80,84,20.0
316,Gizo,SB,2020-11-04 04:58:31,-8.1,156.84,85.35,72,100,10.29
317,General Roca,AR,2020-11-04 05:03:04,-39.03,-67.58,69.8,40,0,4.7
318,Rocha,UY,2020-11-04 04:57:48,-34.48,-54.33,48.11,88,0,3.89
319,Westport,US,2020-11-04 05:00:57,41.14,-73.36,41.0,52,90,5.82
320,El Cobre,CU,2020-11-04 05:03:05,20.05,-75.95,75.2,94,75,5.82
321,Rovaniemi,FI,2020-11-04 05:01:38,66.5,25.72,33.8,100,0,13.87
322,Dali,CN,2020-11-04 04:58:38,25.7,100.18,69.6,52,12,5.61
323,Opuwo,NA,2020-11-04 05:03:05,-18.06,13.84,65.75,32,0,1.41
324,Toccoa,US,2020-11-04 05:03:06,34.58,-83.33,46.4,75,1,4.7
325,Juybar,IR,2020-11-04 05:03:06,36.64,52.91,64.4,93,90,4.7
326,Aginskoye,RU,2020-11-04 05:03:06,51.1,114.53,30.83,87,14,13.02
327,Kaoma,ZM,2020-11-04 05:03:06,-14.78,24.8,65.5,92,100,5.97
328,Ahipara,NZ,2020-11-04 04:57:58,-35.17,173.17,66.7,76,100,12.21
329,Alta Gracia,AR,2020-11-04 04:59:54,-31.65,-64.43,66.0,62,0,6.93
330,Valley City,US,2020-11-04 05:03:06,46.92,-98.0,46.4,52,1,16.11
331,Yenotayevka,RU,2020-11-04 05:03:06,47.25,47.03,49.21,49,12,5.08
332,Matara,LK,2020-11-04 04:59:55,5.95,80.54,87.31,63,4,5.97
333,Loukhi,RU,2020-11-04 05:03:07,66.08,33.04,39.69,82,100,9.57
334,Zaysan,KZ,2020-11-04 05:03:07,47.47,84.87,32.04,86,100,12.8
335,Waitara,NZ,2020-11-04 05:03:07,-38.92,174.25,70.0,83,100,8.99
336,Vostok,RU,2020-11-04 05:00:41,46.49,135.88,21.96,83,26,15.01
337,Trairi,BR,2020-11-04 05:03:07,-3.28,-39.27,78.87,81,81,7.07
338,Mga,RU,2020-11-04 05:03:07,59.75,31.07,45.0,99,74,8.08
339,Kalmunai,LK,2020-11-04 04:58:25,7.42,81.82,87.42,58,4,4.32
340,Guacheta,CO,2020-11-04 05:03:07,5.38,-73.69,48.96,95,44,1.5
341,Strezhevoy,RU,2020-11-04 05:00:26,60.73,77.59,26.6,86,90,13.42
342,Tuatapere,NZ,2020-11-04 04:58:12,-46.13,167.68,64.0,73,43,11.01
343,Bria,CF,2020-11-04 05:03:08,6.54,21.99,69.82,89,100,2.77
344,Mezen,RU,2020-11-04 05:03:08,65.85,44.24,42.57,83,100,9.89
345,Australind,AU,2020-11-04 05:03:08,-33.27,115.72,73.0,32,98,7.05
346,Sinnamary,GF,2020-11-04 05:00:59,5.38,-52.95,79.07,88,72,9.33
347,Ahuimanu,US,2020-11-04 04:58:17,21.44,-157.84,82.4,83,75,11.41
348,Jalu,LY,2020-11-04 04:58:26,29.03,21.55,57.9,86,0,5.1
349,Avera,US,2020-11-04 04:56:55,33.19,-82.53,42.8,100,1,1.97
350,Akdepe,TM,2020-11-04 05:00:32,42.06,59.38,50.0,31,0,11.41
351,Nuuk,GL,2020-11-04 04:58:27,64.18,-51.72,33.8,69,79,38.03
352,Crossville,US,2020-11-04 05:03:09,35.95,-85.03,41.0,65,1,1.99
353,Porlamar,VE,2020-11-04 05:03:09,10.96,-63.85,79.5,80,100,14.9
354,Inongo,CD,2020-11-04 05:02:08,-1.95,18.27,70.65,90,97,1.48
355,Hamilton,US,2020-11-04 04:57:20,39.18,-84.53,50.0,61,1,6.93
356,Helena,US,2020-11-04 05:03:10,46.59,-112.04,48.0,52,1,5.17
357,Mahebourg,MU,2020-11-04 04:57:06,-20.41,57.7,73.4,69,75,12.75
358,Jaque,PA,2020-11-04 05:03:10,7.52,-78.17,76.96,83,44,9.22
359,Linhares,BR,2020-11-04 05:01:27,-19.39,-40.07,65.82,83,70,2.06
360,Boyolangu,ID,2020-11-04 05:03:10,-8.12,111.89,86.9,61,61,8.03
361,Karratha,AU,2020-11-04 04:58:01,-20.74,116.85,93.87,27,0,13.53
362,Sept-Iles,CA,2020-11-04 04:56:48,50.2,-66.38,21.2,57,0,10.29
363,Palembang,ID,2020-11-04 05:03:11,-2.92,104.75,79.3,83,100,0.92
364,Poum,NC,2020-11-04 04:59:47,-20.23,164.02,76.77,81,100,12.68
365,Dunedin,NZ,2020-11-04 04:57:15,-45.87,170.5,57.0,83,3,21.0
366,Dosso,NE,2020-11-04 05:01:11,13.05,3.19,77.95,21,18,10.6
367,Marignane,FR,2020-11-04 05:03:11,43.42,5.21,51.8,81,0,4.7
368,Baoshan,CN,2020-11-04 05:03:12,46.56,131.42,33.48,70,0,17.25
369,Canto Do Buriti,BR,2020-11-04 05:03:12,-8.11,-42.94,72.5,88,100,4.94
370,Belomorsk,RU,2020-11-04 05:03:12,64.52,34.77,42.69,75,91,11.48
371,Boa Vista,BR,2020-11-04 04:55:09,2.82,-60.67,80.6,78,75,3.36
372,Lazaro Cardenas,MX,2020-11-04 05:00:52,17.96,-102.2,76.26,58,0,3.91
373,Raudeberg,NO,2020-11-04 05:03:12,61.99,5.14,44.6,81,100,12.75
374,Ostrovnoy,RU,2020-11-04 04:58:47,68.05,39.51,36.41,87,20,14.74
375,Masterton,NZ,2020-11-04 05:03:11,-40.96,175.66,73.0,72,84,1.01
376,Noumea,NC,2020-11-04 04:58:23,-22.28,166.46,77.0,78,100,5.82
377,Mehamn,NO,2020-11-04 05:01:51,71.04,27.85,39.2,72,0,13.87
378,Tiznit,MA,2020-11-04 04:59:40,29.58,-9.5,62.08,43,100,0.65
379,Gamba,GA,2020-11-04 04:57:20,-2.65,10.0,77.41,89,70,8.77
380,Axim,GH,2020-11-04 05:01:16,4.87,-2.24,77.45,88,9,5.1
381,Yelizovo,RU,2020-11-04 04:57:05,53.19,158.38,50.0,34,42,15.66
382,Moerai,PF,2020-11-04 05:01:51,-22.43,-151.33,77.29,82,100,6.06
383,Yueyang,CN,2020-11-04 05:03:13,29.33,113.09,62.38,53,92,2.04
384,Xai-Xai,MZ,2020-11-04 05:03:13,-25.05,33.64,77.2,64,59,6.4
385,Muisne,EC,2020-11-04 05:03:13,0.6,-80.03,73.87,82,100,8.59
386,Yeppoon,AU,2020-11-04 04:58:17,-23.13,150.73,84.2,42,75,6.93
387,Cartagena,CO,2020-11-04 04:58:47,10.4,-75.51,78.8,100,40,3.27
388,Cacheu,GW,2020-11-04 05:03:14,12.27,-16.17,78.53,83,0,5.3
389,Stephenville,US,2020-11-04 05:03:14,32.22,-98.2,54.0,54,1,4.7
390,Sassandra,CI,2020-11-04 05:03:14,4.95,-6.08,77.36,88,2,2.95
391,Dezhou,CN,2020-11-04 05:03:14,37.45,116.29,66.34,25,0,16.4
392,Nome,US,2020-11-04 04:54:18,64.5,-165.41,25.0,73,90,25.28
393,Miyako,JP,2020-11-04 05:03:14,39.64,141.95,51.06,47,45,13.49
394,Shimoda,JP,2020-11-04 05:03:14,34.67,138.95,62.6,48,40,10.29
395,Littlehampton,GB,2020-11-04 05:03:14,50.81,-0.54,41.0,95,0,7.11
396,Camacha,PT,2020-11-04 04:58:42,33.08,-16.33,62.6,67,40,10.29
397,Korla,CN,2020-11-04 04:57:08,41.76,86.15,53.01,60,51,1.99
398,Amapa,BR,2020-11-04 05:03:15,1.0,-52.0,72.84,98,100,1.39
399,Edgewater,US,2020-11-04 05:03:15,28.99,-80.9,66.99,82,75,4.7
400,Horodnytsya,UA,2020-11-04 05:03:15,50.81,27.32,43.79,81,88,7.4
401,Oytal,KZ,2020-11-04 05:03:15,42.91,73.27,51.85,38,55,5.01
402,Apad,PH,2020-11-04 05:03:15,13.81,122.77,78.67,87,100,4.83
403,Gainesville,US,2020-11-04 04:59:15,29.65,-82.32,51.01,100,1,4.43
404,Leshukonskoye,RU,2020-11-04 05:03:16,64.9,45.76,43.38,89,95,9.06
405,Waingapu,ID,2020-11-04 04:56:57,-9.66,120.26,90.52,48,6,11.81
406,Bardiyah,LY,2020-11-04 05:03:16,31.76,25.09,65.17,81,12,15.84
407,Torbay,CA,2020-11-04 04:57:52,47.67,-52.73,44.01,100,90,17.22
408,Vozhega,RU,2020-11-04 05:03:16,60.47,40.22,41.54,94,81,7.72
409,Mandan,US,2020-11-04 05:03:16,46.83,-100.89,51.01,45,1,8.05
410,Lorengau,PG,2020-11-04 04:58:34,-2.02,147.27,84.92,72,83,4.56
411,Agadez,NE,2020-11-04 05:03:17,19.75,10.25,64.31,31,77,7.7
412,Acapulco,MX,2020-11-04 04:59:42,16.86,-99.89,77.83,66,0,4.61
413,Manicore,BR,2020-11-04 05:03:06,-5.81,-61.3,73.89,96,100,0.76
414,Halifax,CA,2020-11-04 05:02:05,44.65,-63.57,26.01,73,5,11.41
415,Gogrial,SS,2020-11-04 05:03:17,8.53,28.1,77.31,78,20,3.85
416,San Patricio,US,2020-11-04 04:57:14,28.02,-97.52,66.99,93,1,4.54
417,Zhigansk,RU,2020-11-04 04:58:16,66.77,123.37,-0.6,90,6,6.38
418,Chabahar,IR,2020-11-04 05:03:17,25.29,60.64,77.31,56,0,2.01
419,Sidrolandia,BR,2020-11-04 05:03:17,-20.93,-54.96,71.6,43,0,9.17
420,Srednekolymsk,RU,2020-11-04 05:00:40,67.45,153.68,-2.97,86,45,12.28
421,Innisfail,AU,2020-11-04 04:59:27,-17.53,146.03,82.0,37,28,14.0
422,Nioro,GM,2020-11-04 05:03:18,13.35,-15.75,75.92,67,2,4.88
423,Mount Pleasant,US,2020-11-04 05:03:18,32.79,-79.86,48.2,87,1,0.58
424,Pacific Grove,US,2020-11-04 04:57:21,36.62,-121.92,55.0,81,1,4.7
425,Guatire,VE,2020-11-04 05:03:18,10.48,-66.54,80.6,83,20,2.24
426,Soto La Marina,MX,2020-11-04 05:03:18,23.77,-98.22,57.99,89,0,3.31
427,Lakatoro,VU,2020-11-04 04:59:44,-16.1,167.42,81.12,73,95,8.46
428,Lichinga,MZ,2020-11-04 04:58:45,-13.31,35.24,64.4,63,0,11.41
429,Kutum,SD,2020-11-04 05:03:19,14.2,24.67,65.93,31,5,12.21
430,Batagay,RU,2020-11-04 05:02:06,67.63,134.63,-14.4,87,6,1.3
431,Severo-Yeniseyskiy,RU,2020-11-04 05:03:19,60.37,93.04,17.96,96,100,10.09
432,Huntingdon,GB,2020-11-04 04:56:02,52.33,-0.19,37.0,91,0,7.0
433,Teahupoo,PF,2020-11-04 04:57:04,-17.83,-149.27,82.4,65,75,12.75
434,Arrecife,ES,2020-11-04 05:03:19,28.96,-13.55,69.8,77,40,12.75
435,Williamsburg,US,2020-11-04 05:00:04,37.27,-76.71,44.6,93,1,2.04
436,Mkokotoni,TZ,2020-11-04 05:03:19,-5.88,39.25,73.4,94,20,6.15
437,Diamantino,BR,2020-11-04 05:03:19,-14.41,-56.45,74.19,69,66,4.34
438,Abu Dhabi,AE,2020-11-04 04:57:51,24.47,54.37,78.8,74,0,3.36
439,El Alto,PE,2020-11-04 05:03:20,-4.27,-81.21,60.94,89,69,14.65
440,Malakal,SS,2020-11-04 05:03:20,9.53,31.66,79.84,69,97,3.15
441,Segamat,MY,2020-11-04 05:03:20,2.51,102.82,78.8,94,40,5.82
442,Dalbandin,PK,2020-11-04 05:03:20,28.89,64.41,71.44,18,0,2.93
443,Bad Liebenwerda,DE,2020-11-04 05:03:20,51.52,13.4,48.2,81,75,3.36
444,Umred,IN,2020-11-04 05:03:20,20.85,79.33,77.0,33,0,6.55
445,Palana,RU,2020-11-04 05:03:21,59.12,159.97,36.52,94,100,9.6
446,Gravdal,NO,2020-11-04 05:03:21,68.12,13.5,42.8,87,75,33.33
447,Narrabri,AU,2020-11-04 05:03:21,-30.32,149.78,87.8,19,1,8.05
448,Komsomolskiy,UZ,2020-11-04 04:57:10,40.43,71.72,53.6,27,0,4.41
449,Dmitriyevka,RU,2020-11-04 05:03:21,54.75,55.33,26.6,92,75,2.24
450,Havoysund,NO,2020-11-04 05:03:22,71.0,24.66,41.0,69,0,13.87
451,Yanam,IN,2020-11-04 05:03:22,16.73,82.22,87.8,66,14,4.7
452,Pelym,RU,2020-11-04 05:03:22,61.01,62.0,34.81,85,62,7.36
453,Ransang,PH,2020-11-04 05:03:22,8.96,117.58,85.37,72,99,11.07
454,Sadao,TH,2020-11-04 05:03:22,6.64,100.42,86.0,70,40,3.44
455,Honiara,SB,2020-11-04 04:59:46,-9.43,159.95,87.8,66,75,6.93
456,Belmonte,BR,2020-11-04 04:57:50,-15.86,-38.88,68.0,88,90,4.7
457,Zaraza,VE,2020-11-04 05:03:23,9.35,-65.32,70.72,96,71,3.22
458,Pocosol,CR,2020-11-04 05:03:23,10.37,-84.62,68.0,100,90,5.82
459,Te Anau,NZ,2020-11-04 04:57:24,-45.42,167.72,64.58,68,62,6.33
460,Tessalit,ML,2020-11-04 04:57:25,20.2,1.01,71.55,22,92,12.71
461,Laje,BR,2020-11-04 05:03:23,-10.18,-40.97,69.51,88,99,5.75
462,Marrakesh,MA,2020-11-04 04:59:55,31.63,-8.01,62.6,82,40,4.7
463,Hattiesburg,US,2020-11-04 05:01:50,31.33,-89.29,48.0,87,1,1.77
464,Tombouctou,ML,2020-11-04 04:59:36,20.0,-3.0,76.68,18,32,8.72
465,Puri,IN,2020-11-04 04:58:42,19.8,85.85,82.4,74,47,8.05
466,Hofn,IS,2020-11-04 04:57:05,64.25,-15.21,42.8,62,100,4.9
467,Piney Green,US,2020-11-04 05:03:24,34.72,-77.32,44.6,81,1,1.59
468,Buchanan,LR,2020-11-04 05:02:06,5.88,-10.05,76.78,91,51,5.59
469,Washington,US,2020-11-04 04:58:58,47.5,-120.5,41.0,93,90,3.36
470,Paamiut,GL,2020-11-04 04:57:38,61.99,-49.67,33.84,87,100,28.74
471,Caconda,AO,2020-11-04 05:03:24,-13.73,15.07,62.11,91,56,2.86
472,Aklavik,CA,2020-11-04 04:58:45,68.22,-135.01,5.0,84,91,4.7
473,Aksha,RU,2020-11-04 05:03:25,50.28,113.29,35.4,75,13,8.93
474,Davila,PH,2020-11-04 04:57:35,18.47,120.58,87.8,58,75,14.99
475,Murgab,TM,2020-11-04 05:03:25,37.5,61.97,44.6,33,0,4.7
476,Syava,RU,2020-11-04 05:03:25,58.01,46.32,35.2,97,47,6.46
477,Svetlogorsk,BY,2020-11-04 04:58:21,52.63,29.73,39.24,94,6,6.35
478,Karabulak,RU,2020-11-04 05:03:25,43.3,44.9,39.2,93,14,6.71
479,Pyrzyce,PL,2020-11-04 05:03:25,53.15,14.89,46.4,75,0,6.93
480,Ornskoldsvik,SE,2020-11-04 05:03:26,63.29,18.72,33.8,100,92,3.36
481,Inhambane,MZ,2020-11-04 04:59:49,-23.86,35.38,77.0,78,20,6.93
482,Nurota,UZ,2020-11-04 05:03:26,40.56,65.69,53.6,25,0,2.24
483,Along,IN,2020-11-04 04:57:19,28.17,94.77,73.06,82,81,0.85
484,Fukue,JP,2020-11-04 04:58:21,32.69,128.84,60.8,51,40,14.99
485,Atar,MR,2020-11-04 04:57:18,20.52,-13.05,77.38,18,2,8.93
486,Urucui,BR,2020-11-04 05:03:26,-7.23,-44.56,73.04,90,100,3.0
487,Samfya,ZM,2020-11-04 05:03:27,-11.36,29.56,73.29,49,89,8.43
488,Gladstone,AU,2020-11-04 05:03:27,-23.85,151.25,78.8,50,28,12.75
489,Bereda,ES,2020-11-04 04:57:24,43.27,-7.54,39.0,100,14,1.01
490,Mana,GF,2020-11-04 04:58:34,5.66,-53.78,78.08,89,79,7.72
491,Husavik,IS,2020-11-04 04:56:13,66.04,-17.34,41.0,75,100,20.8
492,Talnakh,RU,2020-11-04 04:58:13,69.49,88.4,-9.4,83,0,4.47
493,Noyabrsk,RU,2020-11-04 05:01:44,63.2,75.45,27.97,98,100,16.87
494,Mataram,ID,2020-11-04 05:00:24,-8.58,116.12,89.6,62,40,12.75
495,Le Port,RE,2020-11-04 05:03:27,-20.94,55.29,75.2,47,90,17.22
496,Thompson,CA,2020-11-04 04:56:51,55.74,-97.86,23.0,100,90,3.47
497,Severo-Kurilsk,RU,2020-11-04 04:58:13,50.68,156.12,40.64,75,57,13.56
498,Bima,ID,2020-11-04 05:03:28,-8.47,118.72,96.96,41,3,2.42
499,Malatya,TR,2020-11-04 05:03:28,38.5,38.0,51.8,93,75,3.6
500,Nivala,FI,2020-11-04 05:03:28,63.92,24.97,37.0,96,5,7.0
501,Tiarei,PF,2020-11-04 04:57:45,-17.53,-149.33,82.4,65,75,12.75
502,Mount Gambier,AU,2020-11-04 04:56:47,-37.83,140.77,60.8,63,90,16.11
503,Nantucket,US,2020-11-04 04:56:59,41.28,-70.1,39.0,60,1,6.93
504,Betzdorf,DE,2020-11-04 05:03:29,50.78,7.88,39.0,91,8,1.01
505,Hobyo,SO,2020-11-04 04:58:41,5.35,48.53,81.34,77,99,14.7
506,Moyale,KE,2020-11-04 05:03:29,3.52,39.06,69.01,88,94,7.09
507,Martinsville,US,2020-11-04 05:00:30,36.69,-79.87,44.01,100,1,3.33
508,Ayagoz,KZ,2020-11-04 04:59:30,47.97,80.44,27.64,87,100,13.11
509,Buena Vista,US,2020-11-04 05:03:29,43.42,-83.9,54.0,53,1,11.41
510,Tual,ID,2020-11-04 05:00:15,-5.67,132.75,81.32,79,100,13.04
511,Verkhoyansk,RU,2020-11-04 05:03:30,67.54,133.38,-12.53,84,1,2.01
512,Mbandaka,CD,2020-11-04 05:03:30,0.05,18.26,72.18,97,93,1.36
513,Aligudarz,IR,2020-11-04 05:03:30,33.4,49.69,56.84,28,0,2.46
514,Alta Floresta,BR,2020-11-04 05:03:30,-9.88,-56.09,71.37,94,55,1.9
515,Vao,NC,2020-11-04 04:59:45,-22.67,167.48,74.17,87,100,9.15
516,Maldonado,UY,2020-11-04 05:03:30,-34.67,-54.92,55.4,82,20,10.29
517,Chilliwack,CA,2020-11-04 05:03:31,49.17,-121.94,48.2,100,100,1.12
518,Beyneu,KZ,2020-11-04 05:03:31,45.32,55.2,58.03,32,98,20.58
519,Petropavlovsk-Kamchatskiy,RU,2020-11-04 04:58:30,53.05,158.65,50.0,34,17,15.66
520,Matagami,CA,2020-11-04 05:00:28,49.75,-77.63,21.2,100,90,10.29
521,Lichuan,CN,2020-11-04 05:03:31,30.3,108.85,50.09,60,98,2.1
522,Bari,IT,2020-11-04 05:03:31,41.12,16.85,55.4,82,0,5.82
523,Springbok,ZA,2020-11-04 05:03:31,-29.66,17.89,57.97,73,11,2.51
524,Loandjili,CG,2020-11-04 05:03:31,-4.76,11.86,78.48,86,87,8.57
525,Penzance,GB,2020-11-04 05:03:32,50.12,-5.54,42.01,86,9,10.29
526,Soe,ID,2020-11-04 05:03:32,-9.86,124.28,89.62,29,39,11.48
527,Puerto El Triunfo,SV,2020-11-04 05:00:53,13.28,-88.55,78.8,65,40,4.7
528,Shenjiamen,CN,2020-11-04 05:03:32,29.96,122.3,61.32,58,87,10.04
529,Taft,IR,2020-11-04 05:03:32,31.75,54.21,55.4,20,0,4.7
530,Yaan,NG,2020-11-04 05:03:32,7.38,8.57,73.0,91,90,3.24
531,Rudnya,RU,2020-11-04 05:03:32,54.95,31.09,43.48,90,100,8.46
532,Hami,CN,2020-11-04 04:57:07,42.8,93.45,52.95,37,0,4.59
533,Batticaloa,LK,2020-11-04 05:02:03,7.71,81.69,85.86,62,5,6.4
534,Vazante,BR,2020-11-04 05:03:33,-17.99,-46.91,64.9,90,26,1.63
535,Da Nang,VN,2020-11-04 05:03:33,16.07,108.22,80.6,74,75,9.17
536,Aljezur,PT,2020-11-04 05:03:33,37.32,-8.8,54.21,75,0,11.52
537,Volkach,DE,2020-11-04 05:03:33,49.87,10.23,45.0,91,100,2.39
538,Bhadasar,IN,2020-11-04 05:03:33,28.28,74.32,83.61,13,0,8.19
539,Fairbanks,US,2020-11-04 04:56:49,64.84,-147.72,-20.2,75,20,0.83
540,Arlit,NE,2020-11-04 05:00:55,18.74,7.39,71.46,22,100,4.47
541,Horn,DE,2020-11-04 05:03:34,51.87,8.95,41.0,91,0,9.15
542,Novikovo,RU,2020-11-04 05:03:34,51.15,37.89,44.85,91,0,2.95
543,Chaska,US,2020-11-04 05:03:01,44.79,-93.6,57.2,47,1,6.93
544,Tangshan,CN,2020-11-04 05:03:34,39.63,118.18,58.86,31,0,10.63
545,Manta,EC,2020-11-04 05:01:14,-0.95,-80.73,71.6,83,40,6.93
546,Chicama,PE,2020-11-04 04:57:56,-7.84,-79.15,60.37,84,15,2.51
547,North Bend,US,2020-11-04 04:56:00,43.41,-124.22,60.8,82,90,8.05
548,Boo,SE,2020-11-04 05:03:35,59.33,18.28,42.8,93,1,4.7
